{"cameraMode":{"drawMode":0,"name":"Shaded","section":"Shading Mode"},"sceneLighting":true,"audioPlay":false,"sceneViewState":{"showFog":true,"showMaterialUpdate":false,"showSkybox":true,"showFlares":true,"showImageEffects":true,"showParticleSystems":true},"in2DMode":false,"pivot":{"x":0.01494753360748291,"y":-0.01274135708808899,"z":-0.04800903797149658},"rotation":{"x":-0.12231909483671189,"y":0.8416145443916321,"z":-0.21428072452545167,"w":-0.4804237186908722},"size":0.6333810091018677,"orthographic":false}